{
	"c_cpp.command.configurationSelect.title": "Wybierz konfigurację...",
	"c_cpp.command.configurationProviderSelect.title": "Zmień dostawcę konfiguracji...",
	"c_cpp.command.configurationEditJSON.title": "Edytowanie konfiguracji (JSON)",
	"c_cpp.command.configurationEditUI.title": "Edytowanie konfiguracji (interfejs użytkownika)",
	"c_cpp.command.switchHeaderSource.title": "Przełączanie nagłówka/źródła",
	"c_cpp.command.enableErrorSquiggles.title": "Włączanie zygzaków sygnalizujących błędy",
	"c_cpp.command.disableErrorSquiggles.title": "Wyłączanie zygzaków sygnalizujących błędy",
	"c_cpp.command.toggleIncludeFallback.title": "Przełączanie powrotu aparatu funkcji IntelliSense w przypadku błędów dyrektywy include",
	"c_cpp.command.toggleDimInactiveRegions.title": "Przełączanie kolorowania regionów nieaktywnych",
	"c_cpp.command.resetDatabase.title": "Resetowanie bazy danych funkcji IntelliSense",
	"c_cpp.command.takeSurvey.title": "Wypełnij ankietę",
	"c_cpp.command.buildAndDebugActiveFile.title": "Aktywny plik kompilacji i debugowania",
	"c_cpp.command.logDiagnostics.title": "Rejestruj diagnostykę",
	"c_cpp.command.referencesViewGroupByType.title": "Grupuj według typu referencyjnego",
	"c_cpp.command.referencesViewUngroupByType.title": "Rozgrupuj według typu referencyjnego",
	"c_cpp.command.rescanWorkspace.title": "Ponowne skanowanie obszaru roboczego",
	"c_cpp.command.vcpkgClipboardInstallSuggested.title": "Kopiowanie polecenia instalowania menedżera vcpkg do schowka",
	"c_cpp.command.vcpkgOnlineHelpSuggested.title": "Odwiedź stronę pomocy menedżera vcpkg",
	"c_cpp.configuration.clang_format_path.description": "Pełna ścieżka pliku wykonywalnego CLANG-FORMAT.",
	"c_cpp.configuration.clang_format_style.description": "Styl kodowania. Obecnie obsługiwane: Visual Studio, LLVM, Google, Chromium, Mozilla, WebKit. Użyj elementu „file”, aby załadować styl z pliku CLANG-FORMAT znajdującego się w bieżącym lub nadrzędnym katalogu. Użyj ciągu {klucz: wartość,...}, aby określić określone parametry. Na przykład styl „Visual Studio” jest podobny do następującego: { BasedOnStyle: LLVM, UseTab: Never, IndentWidth: 4, TabWidth: 4, BreakBeforeBraces: Allman, AllowShortIfStatementsOnASingleLine: false, IndentCaseLabels: false, ColumnLimit: 0, AccessModifierOffset: -4 }",
	"c_cpp.configuration.clang_format_fallbackStyle.description": "Nazwa wstępnie zdefiniowanego stylu używana jako alternatywa w przypadku, gdy plik CLANG-FORMAT zostanie wywołany przy użyciu stylu „file”, ale plik ten nie zostanie odnaleziony. Możliwe wartości to Visual Studio, LLVM, Google, Chromium, Mozilla, WebKit; można również użyć pustej wartość lub użyć ciągu {klucz: wartość, ...}, aby określić konkretne parametry. Na przykład styl „Visual Studio” jest podobny do następującego: { BasedOnStyle: LLVM, UseTab: Never, IndentWidth: 4, TabWidth: 4, BreakBeforeBraces: Allman, AllowShortIfStatementsOnASingleLine: false, IndentCaseLabels: false, ColumnLimit: 0, AccessModifierOffset: -4 }",
	"c_cpp.configuration.clang_format_sortIncludes.description": "Jeśli jest ustawione, zastępuje zachowanie sortowania dołączanych elementów określone za pomocą parametru SortIncludes.",
	"c_cpp.configuration.intelliSenseEngine.description": "Określa dostawcę funkcji IntelliSense. Analizator „Tag Parser” udostępnia „rozmyte” wyniki, które nie są oparte na kontekście. Wartość „Default” udostępnia wyniki oparte na kontekście. Wartość „Disabled” wyłącza funkcje usługi języka C/C++.",
	"c_cpp.configuration.intelliSenseEngineFallback.description": "Określa, czy aparat IntelliSense automatycznie przełączy się na parser znaczników dla jednostek translacji zawierających błędy dyrektywy #include.",
	"c_cpp.configuration.autocomplete.description": "Kontroluje dostawcę automatycznego uzupełniania. Wartość „Default” powoduje użycie aktywnego aparatu IntelliSense. Wartość „Disabled” powoduje użycie uzupełniania opartego na wyrazach udostępnianego przez program Visual Studio Code.",
	"c_cpp.configuration.errorSquiggles.description": "Określa, czy podejrzane błędy kompilacji wykryte przez aparat IntelliSense zostaną ponownie zgłoszone do edytora. To ustawienie jest ignorowane przez aparat parsera tagów.",
	"c_cpp.configuration.dimInactiveRegions.description": "Określa, czy nieaktywne bloki preprocesora są kolorowane w inny sposób niż aktywny kod. To ustawienie nie ma żadnego efektu, jeśli funkcja IntelliSense jest wyłączona lub jest używana domyślna kompozycja z dużym kontrastem.",
	"c_cpp.configuration.inactiveRegionOpacity.description": "Określa przezroczystość nieaktywnych bloków preprocesora. Przyjmuje wartości od 0,1 do 1,0. To ustawienie ma zastosowanie tylko wtedy, gdy włączono funkcję przygaszania nieaktywnego regionu.",
	"c_cpp.configuration.inactiveRegionForegroundColor.description": "Określa kolor czcionki nieaktywnych bloków preprocesora. Dane wejściowe są w postaci szesnastkowego kodu koloru lub prawidłowego koloru motywu. Jeśli nie zostanie ustawione, to wartością domyślną będzie schemat kolorowania składni edytora. To ustawienie ma zastosowanie tylko wtedy, gdy włączono funkcję przygaszania nieaktywnego regionu.",
	"c_cpp.configuration.inactiveRegionBackgroundColor.description": "Określa kolor tła nieaktywnych bloków preprocesora. Dane wejściowe są w postaci szesnastkowego kodu koloru lub prawidłowego koloru motywu. Jeśli nie zostanie ustawione, to domyślny kolor tła będzie przezroczysty. To ustawienie ma zastosowanie tylko wtedy, gdy włączono funkcję przygaszania nieaktywnego regionu.",
	"c_cpp.configuration.formatting.description": "Wartość „Default” włącza formatowanie kodu. Wartość „Disabled” wyłącza formatowanie kodu.",
	"c_cpp.configuration.loggingLevel.description": "Szczegółowość rejestrowania w panelu danych wyjściowych. Kolejność poziomów od najmniej szczegółowego do najbardziej szczegółowego jest następująca: Brak < Błąd < Ostrzeżenie < Informacje < Debugowanie.",
	"c_cpp.configuration.autoAddFileAssociations.description": "Określa, czy pliki są automatycznie dodawane do elementu files.associations, gdy są one elementem docelowym operacji nawigacji z pliku C/C++.",
	"c_cpp.configuration.workspaceParsingPriority.description": "Określa, czy analizowanie nieaktywnych plików obszaru roboczego używa trybu uśpienia, aby uniknąć używania 100% procesora CPU. Wartości highest/high/medium/low odpowiadają odpowiednio około 100/75/50/25 procentom użycia procesora CPU.",
	"c_cpp.configuration.workspaceSymbols.description": "Symbole do uwzględnienia w wynikach zapytania, gdy zostanie wywołane polecenie „Przejdź do symbolu w obszarze roboczym”",
	"c_cpp.configuration.exclusionPolicy.description": "Określa, kiedy przez rozszerzenie ma być używane ustawienie „files.exclude” podczas ustalania plików, które powinny zostać dodane do bazy danych nawigacji kodu w trakcie przechodzenia przez ścieżki w tablicy „browse.path”. Ustawienie „checkFolders” oznacza, że filtry wykluczeń będą oceniane tylko raz dla danego folderu (pojedyncze pliki nie są sprawdzane). Ustawienie „checkFilesAndFolders” oznacza, że filtry wykluczeń będą oceniane względem każdego napotkanego pliku i folderu. Jeśli ustawienie „files.exclude” zawiera tylko foldery, ustawienie „checkFolders” jest najlepszym wyborem, który zwiększy szybkość inicjowania bazy danych nawigacji kodu przez rozszerzenie.",
	"c_cpp.configuration.preferredPathSeparator.description": "Znak używany jako separator ścieżki na potrzeby wyników automatycznego uzupełniania dyrektywy #include.",
	"c_cpp.configuration.commentContinuationPatterns.items.anyof.string.description": "Wzorzec, który rozpoczyna wielowierszowy lub jednowierszowy blok komentarza. Wartość domyślna wzorca kontynuacji to „*” dla wielowierszowych bloków komentarzy lub ten ciąg dla jednowierszowych bloków komentarza.",
	"c_cpp.configuration.commentContinuationPatterns.items.anyof.object.begin.description": "Wzorzec, który rozpoczyna wielowierszowy lub jednowierszowy blok komentarza.",
	"c_cpp.configuration.commentContinuationPatterns.items.anyof.object.continue.description": "Tekst, który będzie wstawiany w następnym wierszu po naciśnięciu klawisza Enter w wielowierszowym lub jednowierszowym bloku komentarza.",
	"c_cpp.configuration.commentContinuationPatterns.description": "Definiuje zachowanie edytora po naciśnięciu klawisza Enter wewnątrz wielowierszowego lub jednowierszowego bloku komentarza.",
	"c_cpp.configuration.configurationWarnings.description": "Określa, czy powiadomienia wyskakujące mają być wyświetlane, gdy rozszerzenie dostawcy konfiguracji nie może udostępnić konfiguracji dla pliku źródłowego.",
	"c_cpp.configuration.intelliSenseCachePath.description": "Definiuje ścieżkę folderu dla wstępnie skompilowanych nagłówków zapisanych w pamięci podręcznej używanych przez funkcję IntelliSense. Domyślna ścieżka pamięci podręcznej to „%LocalAppData%/Microsoft/vscode-cpptools” w systemie Windows, „$XDG_CACHE_HOME/vscode-cpptools/” w systemie Linux i „~/Library/Caches/vscode-cpptools/” na komputerach Mac. Ścieżka domyślna zostanie użyta, jeśli nie zostanie określona żadna ścieżka lub określona ścieżka będzie nieprawidłowa.",
	"c_cpp.configuration.intelliSenseCacheSize.description": "Maksymalny rozmiar miejsca na dysku twardym na obszar roboczy w megabajtach dla prekompilowanych nagłówków zapisanych w pamięci podręcznej; rzeczywiste użycie może oscylować wokół tej wartości. Rozmiar domyślny to 5120 MB. Buforowanie wstępnie skompilowane nagłówków jest wyłączone, gdy rozmiar ma wartość 0.",
	"c_cpp.configuration.default.includePath.description": "Wartość do użycia w konfiguracji, jeśli element „includePath” nie został określony, lub wartości do wstawienia, jeśli element „${default}” istnieje w ramach elementu „includePath”.",
	"c_cpp.configuration.default.defines.description": "Wartość do użycia w konfiguracji, jeśli element „defines” nie został określony, lub wartości do wstawienia, jeśli element „${default}” istnieje w ramach elementu „defines”.",
	"c_cpp.configuration.default.macFrameworkPath.description": "Wartość do użycia w konfiguracji, jeśli element „macFrameworkPath” nie został określony, lub wartości do wstawienia, jeśli element „${default}” istnieje w ramach elementu „macFrameworkPath”.",
	"c_cpp.configuration.default.windowsSdkVersion.description": "Wersja ścieżki dołączania zestawu Windows SDK do użycia w systemie Windows, na przykład „10.0.17134.0”.",
	"c_cpp.configuration.default.compileCommands.description": "Wartość do użycia w konfiguracji, jeśli element „compileCommands” nie został określony lub ma wartość „${default}”.",
	"c_cpp.configuration.default.forcedInclude.description": "Wartość do użycia w konfiguracji, jeśli element „forcedInclude” nie został określony, lub wartości do wstawienia, jeśli element „${default}” istnieje w ramach elementu „forcedInclude”.",
	"c_cpp.configuration.default.intelliSenseMode.description": "Wartość do użycia w konfiguracji, jeśli element „intelliSenseMode” nie został określony lub ma wartość „${default}”.",
	"c_cpp.configuration.default.compilerPath.description": "Wartość do użycia w konfiguracji, jeśli element „compilerPath” nie został określony lub ma wartość „${default}”.",
	"c_cpp.configuration.default.compilerArgs.description": "Wartość do użycia w konfiguracji, jeśli element „compilerArgs” nie został określony lub ma wartość „${default}”.",
	"c_cpp.configuration.default.cStandard.description": "Wartość do użycia w konfiguracji, jeśli element „cStandard” nie został określony lub ma wartość „${default}”.",
	"c_cpp.configuration.default.cppStandard.description": "Wartość do użycia w konfiguracji, jeśli element „cppStandard” nie został określony lub ma wartość „${default}”.",
	"c_cpp.configuration.default.configurationProvider.description": "Wartość do użycia w konfiguracji, jeśli element „configurationProvider” nie został określony lub ma wartość „${default}”.",
	"c_cpp.configuration.default.browse.path.description": "Wartość do użycia w konfiguracji, jeśli element „browse.path” nie został określony, lub wartości do wstawienia, jeśli element „${default}” istnieje w ramach elementu „browse.path”.",
	"c_cpp.configuration.default.browse.databaseFilename.description": "Wartość do użycia w konfiguracji, jeśli element „browse.databaseFilename” nie został określony lub ma wartość „${default}”.",
	"c_cpp.configuration.default.browse.limitSymbolsToIncludedHeaders.description": "Wartość do użycia w konfiguracji, jeśli element „browse.limitSymbolsToIncludedHeaders” nie został określony lub ma wartość „${default}”.",
	"c_cpp.configuration.default.systemIncludePath.description": "Wartość do użycia na potrzeby ścieżki dołączania systemu. Jeśli jest ustawiona, zastępuje systemową ścieżką dołączania, którą można uzyskać za pomocą ustawień „compilerPath” i „compileCommands”.",
	"c_cpp.configuration.default.enableConfigurationSquiggles.description": "Określa, czy rozszerzenie będzie raportować błędy wykryte w pliku c_cpp_properties.json.",
	"c_cpp.configuration.updateChannel.description": "Ustaw na wartość „Insiders”, aby automatycznie pobrać i zainstalować najnowsze kompilacje niejawnych testerów rozszerzenia, które zawierają nadchodzące funkcje i poprawki błędów.",
	"c_cpp.configuration.experimentalFeatures.description": "Określa, czy można używać funkcji „eksperymentalnych”.",
	"c_cpp.configuration.suggestSnippets.description": "Jeśli wartość to true, fragmenty kodu są udostępniane przez serwer języka.",
	"c_cpp.configuration.enhancedColorization.description": "Jeśli to ustawienie jest włączone, kod jest kolorowany na podstawie funkcji IntelliSense. To ustawienie nie ma żadnego efektu, jeśli funkcja IntelliSense jest wyłączona lub jest używana domyślna kompozycja z dużym kontrastem.",
	"c_cpp.configuration.vcpkg.enabled.markdownDescription": "Włącz usługi integracji dla elementu [vcpkg dependency manager](https://aka.ms/vcpkg/).",
	"c_cpp.configuration.renameRequiresIdentifier.description": "Jeśli ma wartość true, operacja „Zmień nazwę symbolu” będzie wymagać prawidłowego identyfikatora C/C++.",
	"c_cpp.contributes.views.cppReferencesView.title": "C/C++: inne wyniki odwołań",
	"c_cpp.contributes.viewsContainers.activitybar.CppRenameActivityBar.title": "Zmiana nazwy w języku C/C++",
	"c_cpp.contributes.views.cppRenamePendingView.title": "OCZEKIWANIE NA ZMIANĘ NAZWY",
	"c_cpp.contributes.views.cppRenameCandidatesView.title": "KANDYDACI DO ZMIANY NAZWY",
	"c_cpp.command.CppRenameView.remove.title": "Usuń odwołanie",
	"c_cpp.command.CppRenameView.add.title": "Dodawanie odwołania",
	"c_cpp.command.CppRenameView.removeAll.title": "Usuń wszystkie odwołania",
	"c_cpp.command.CppRenameView.addAll.title": "Dodaj wszystkie odwołania",
	"c_cpp.command.CppRenameView.removeFile.title": "Usuń odwołania w pliku",
	"c_cpp.command.CppRenameView.addFile.title": "Dodaj odwołania w pliku",
	"c_cpp.command.CppRenameView.addReferenceType.title": "Dodaj odwołania do typu",
	"c_cpp.command.CppRenameView.cancel.title": "Anuluj zmianę nazwy",
	"c_cpp.command.CppRenameView.done.title": "Zatwierdź zmianę nazwy",
	"c_cpp.debuggers.pipeTransport.description": "Jeśli jest obecny, zawiera instrukcje dla debugera, aby połączył się z komputerem zdalnym przy użyciu innego pliku wykonywalnego jako potoku, który będzie przekazywał standardowe wejście/wyjście między programem VS Code a plikiem wykonywalnym zaplecza debugera z włączoną obsługą indeksu MI (takim jak gdb).",
	"c_cpp.debuggers.pipeTransport.default.pipeProgram": "wprowadź w pełni kwalifikowaną ścieżkę na potrzeby nazwy programu potoku, na przykład „/usr/bin/ssh”",
	"c_cpp.debuggers.pipeTransport.default.debuggerPath": "Pełna ścieżka do debugera na komputerze docelowym, na przykład /usr/bin/gdb.",
	"c_cpp.debuggers.pipeTransport.debuggerPath.description": "Pełna ścieżka do debugera na komputerze docelowym, na przykład /usr/bin/gdb.",
	"c_cpp.debuggers.pipeTransport.pipeCwd.description": "W pełni kwalifikowana ścieżka do katalogu roboczego dla programu potoku.",
	"c_cpp.debuggers.pipeTransport.pipeProgram.description": "Polecenie w pełni kwalifikowanego potoku do wykonania.",
	"c_cpp.debuggers.pipeTransport.pipeArgs.description": "Argumenty wiersza polecenia przekazywane do programu potoku w celu skonfigurowania połączenia.",
	"c_cpp.debuggers.pipeTransport.pipeEnv.description": "Zmienne środowiskowe przekazywane do programu potoku.",
	"c_cpp.debuggers.logging.description": "Opcjonalne flagi określające, które typy komunikatów powinny być rejestrowane w konsoli debugowania.",
	"c_cpp.debuggers.logging.exceptions.description": "Opcjonalna flaga określająca, czy komunikaty o wyjątkach powinny być rejestrowane w konsoli debugowania. Wartość domyślna to false.",
	"c_cpp.debuggers.logging.moduleLoad.description": "Opcjonalna flaga określająca, czy zdarzenia ładowania modułów powinny być rejestrowane w konsoli debugowania. Wartość domyślna to false.",
	"c_cpp.debuggers.logging.programOutput.description": "Opcjonalna flaga określająca, czy dane wyjściowe programu powinny być rejestrowane w konsoli debugowania. Wartość domyślna to false.",
	"c_cpp.debuggers.logging.engineLogging.description": "Opcjonalna flaga określająca, czy komunikaty aparatu adaptera debugowania diagnostycznego powinny być rejestrowane w konsoli debugowania. Wartość domyślna to false.",
	"c_cpp.debuggers.logging.trace.description": "Opcjonalna flaga określająca, czy śledzenie polecenia adaptera diagnostycznego powinno być rejestrowane w konsoli debugowania. Wartość domyślna to false.",
	"c_cpp.debuggers.logging.traceResponse.description": "Opcjonalna flaga określająca, czy śledzenie polecenia adaptera diagnostycznego i odpowiedzi powinno być rejestrowane w konsoli debugowania. Wartość domyślna to false.",
	"c_cpp.debuggers.text.description": "Polecenie debugera do wykonania.",
	"c_cpp.debuggers.description.description": "Opcjonalny opis polecenia.",
	"c_cpp.debuggers.ignoreFailures.description": "Jeśli wartość to true, niepowodzenia polecenia powinny być ignorowane. Wartość domyślna to false.",
	"c_cpp.debuggers.program.description": "Pełna ścieżka do pliku wykonywalnego programu.",
	"c_cpp.debuggers.args.description": "Argumenty wiersza polecenia przekazywane do programu.",
	"c_cpp.debuggers.cppdbg.type.description": "Typ aparatu. Musi mieć wartość „cppdbg”.",
	"c_cpp.debuggers.cppvsdbg.type.description": "Typ aparatu. Musi mieć wartość „cppvsdbg”.",
	"c_cpp.debuggers.targetArchitecture.description": "Architektura obiektu debugowanego. Zostanie automatycznie wykryta, chyba że ten parametr jest ustawiony. Dozwolone wartości to x86, arm, arm64, mips, x64, amd64, x86_64.",
	"c_cpp.debuggers.cwd.description": "Katalog roboczy obiektu docelowego",
	"c_cpp.debuggers.setupCommands.description": "Co najmniej jedno polecenie GDB/LLDB do wykonania w celu skonfigurowania bazowego debugera. Przykład: \"setupCommands\": [ { \"text\": \"-enable-pretty-printing\", \"description\": \"Enable GDB pretty printing\", \"ignoreFailures\": true }].",
	"c_cpp.debuggers.customLaunchSetupCommands.description": "Jeśli jest podana, zastępuje domyślne polecenia używane do uruchamiania obiektu docelowego niektórymi innymi poleceniami. Może to być na przykład polecenie \"-target-attach\" w celu dołączenia do procesu docelowego. Pusta lista poleceń nie zastępuje poleceń uruchamiania niczym, co może być przydatne, jeśli debuger udostępnia opcje uruchamiania jako opcje wiersza polecenia. Przykład: \"customLaunchSetupCommands\": [ { \"text\": \"target-run\", \"description\": \"run target\", \"ignoreFailures\": false }].",
	"c_cpp.debuggers.launchCompleteCommand.description": "Polecenie do wykonania po pełnej konfiguracji debugera w celu uruchomienia procesu docelowego. Dozwolone wartości to „exec-run”, „exec-continue” i „None”. Wartością domyślną jest „exec-run”.",
	"c_cpp.debuggers.cppdbg.visualizerFile.description": "Plik NATVIS, który ma być używany podczas debugowania tego procesu. Ta opcja jest niezgodna z formatowaniem kodu debugera GDB. W przypadku używania tego ustawienia zapoznaj się również z właściwością „showDisplayString”.",
	"c_cpp.debuggers.cppvsdbg.visualizerFile.description": "Plik NATVIS, który ma być używany podczas debugowania tego procesu.",
	"c_cpp.debuggers.showDisplayString.description": "Gdy element visualizerFile jest określony, opcja showDisplayString spowoduje włączenie ciągu wyświetlanego. Włączenie tej opcji może spowodować zmniejszenie wydajności podczas debugowania.",
	"c_cpp.debuggers.environment.description": "Zmienne środowiskowe do dodania do środowiska programu. Przykład: [ { \"name\": \"squid\", \"value\": \"clam\" } ].",
	"c_cpp.debuggers.envFile.description": "Ścieżka bezwzględna do pliku zawierającego definicje zmiennych środowiskowych. Ten plik w każdym wierszu zawiera parę klucz-wartość oddzieloną znakiem równości. Przykład: KLUCZ=WARTOŚĆ",
	"c_cpp.debuggers.additionalSOLibSearchPath.description": "Rozdzielana średnikami lista katalogów, w których mają być wyszukiwanie pliki SO. Przykład: „c:\\dir1;c:\\dir2”.",
	"c_cpp.debuggers.MIMode.description": "Wskazuje debuger konsoli, z którym połączy się aparat MIDebugEngine. Dozwolone wartości to „gdb” i „lldb”.",
	"c_cpp.debuggers.miDebuggerPath.description": "Ścieżka do debugera MI (takiego jak gdb). Jeśli nie jest podana, najpierw zostanie przeszukana ścieżka debugera.",
	"c_cpp.debuggers.miDebuggerArgs.description": "Dodatkowe argumenty dla debugera MI (takiego jak gdb).",
	"c_cpp.debuggers.miDebuggerServerAddress.description": "Adres sieciowy serwera debugera MI, z którym ma zostać nawiązane połączenie (przykład: localhost:1234).",
	"c_cpp.debuggers.stopAtEntry.description": "Parametr opcjonalny. Jeśli wartość to true, debuger powinien zostać zatrzymany w punkcie wejścia obiektu docelowego. W przypadku przekazania identyfikatora procesu parametr ten nie ma żadnego efektu.",
	"c_cpp.debuggers.debugServerPath.description": "Opcjonalna pełna ścieżka do serwera debugowania do uruchomienia. Wartość domyślna to null.",
	"c_cpp.debuggers.debugServerArgs.description": "Opcjonalne argumenty serwera debugowania. Wartość domyślna to null.",
	"c_cpp.debuggers.serverStarted.description": "Opcjonalny wzorzec uruchomiony przez serwer do wyszukania w danych wyjściowych serwera debugowania. Wartością domyślną jest null.",
	"c_cpp.debuggers.filterStdout.description": "Wyszukiwanie strumienia stdout dla wzorca uruchomionego przez serwer i rejestrowanie strumienia stdout w danych wyjściowych debugowania. Wartością domyślną jest true.",
	"c_cpp.debuggers.filterStderr.description": "Wyszukiwanie strumienia stderr dla wzorca uruchomionego przez serwer i rejestrowanie strumienia stderr w danych wyjściowych debugowania. Wartością domyślną jest false.",
	"c_cpp.debuggers.serverLaunchTimeout.description": "Opcjonalny czas, w milisekundach, przez jaki debuger ma oczekiwać na uruchomienie serwera debugServer. Wartość domyślna to 10000.",
	"c_cpp.debuggers.coreDumpPath.description": "Opcjonalna pełna ścieżka do podstawowego pliku zrzutu dla określonego programu. Wartością domyślną jest null.",
	"c_cpp.debuggers.cppdbg.externalConsole.description": "Jeśli wartość to true, konsola jest uruchamiana na potrzeby debugowanego obiektu. Jeśli wartość to false, w systemie Linux i Windows konsola zostanie wyświetlona w ramach zintegrowanej konsoli.",
	"c_cpp.debuggers.cppvsdbg.externalConsole.description": "Jeśli wartość to true, konsola jest uruchamiana na potrzeby debugowanego obiektu. Jeśli wartość to false, nie jest uruchamiana żadna konsola.",
	"c_cpp.debuggers.avoidWindowsConsoleRedirection.description": "Jeśli wartość to true, wyłącza przekierowywanie konsoli debugowanego obiektu, które jest wymagane do obsługi zintegrowanego terminalu.",
	"c_cpp.debuggers.sourceFileMap.description": "Opcjonalne mapowania plików źródłowych przekazywane do aparatu debugowania. Przykład: „{ \"/oryginalna/ścieżka/źródłowa\":\"/bieżąca/ścieżka/źródłowa\" }”",
	"c_cpp.debuggers.processId.anyOf.description": "Opcjonalny identyfikator procesu, do którego ma zostać dołączony debuger. Użyj polecenia „${command:pickProcess}”, aby uzyskać listę uruchomionych lokalnie procesów, do których można dołączyć. Pamiętaj, że niektóre platformy wymagają uprawnień administratora, aby dołączyć je do procesu.",
	"c_cpp.debuggers.symbolSearchPath.description": "Rozdzielana średnikami lista katalogów, w których mają być wyszukiwanie pliki symboli (PDB). Przykład: „c:\\dir1;c:\\dir2”.",
	"c_cpp.debuggers.dumpPath.description": "Opcjonalna pełna ścieżka do pliku zrzutu dla określonego programu. Przykład: „c:\\temp\\app.dmp”. Wartość domyślna to null.",
	"c_cpp.debuggers.enableDebugHeap.description": "W przypadku wartości false proces zostanie uruchomiony z wyłączoną stertą debugowania. Spowoduje to ustawienie zmiennej środowiskowej „_NO_DEBUG_HEAP” na wartość „1”.",
	"c_cpp.debuggers.symbolLoadInfo.description": "Jawna kontrola ładowania symboli.",
	"c_cpp.debuggers.symbolLoadInfo.loadAll.description": "Jeśli wartość jest równa true, zostaną załadowane symbole dla wszystkich bibliotek. W przeciwnym razie nie zostaną załadowane symbole solib. Wartość domyślna to true.",
	"c_cpp.debuggers.symbolLoadInfo.exceptionList.description": "Lista nazw plików (dozwolone symbole wieloznaczne) rozdzielonych średnikami „;”. Modyfikuje zachowanie elementu LoadAll. Jeśli element LoadAll ma wartość true, nie ładuj symboli dla bibliotek, które pasują do dowolnych nazw na liście. W przeciwnym razie załaduj tylko symbole dla bibliotek, które pasują. Przykład: „foo.so;bar.so;”",
	"c_cpp.debuggers.requireExactSource.description": "Opcjonalna flaga, która wymaga bieżącego kodu źródłowego, aby pasowała do pliku PDB."
}