{
	"c_cpp.command.configurationSelect.title": "Vybrat konfiguraci...",
	"c_cpp.command.configurationProviderSelect.title": "Změnit poskytovatele konfigurací...",
	"c_cpp.command.configurationEditJSON.title": "Upravit konfigurace (JSON)",
	"c_cpp.command.configurationEditUI.title": "Upravit konfigurace (uživatelské rozhraní)",
	"c_cpp.command.switchHeaderSource.title": "Přepnout hlavičku/zdroj",
	"c_cpp.command.enableErrorSquiggles.title": "Povolit podtrhávání chyb vlnovkou",
	"c_cpp.command.disableErrorSquiggles.title": "Zakázat podtrhávání chyb vlnovkou",
	"c_cpp.command.toggleIncludeFallback.title": "Přepnout na zálohu modulu IntelliSense, když dojde k chybám vložených souborů",
	"c_cpp.command.toggleDimInactiveRegions.title": "Přepnout barvení neaktivních oblastí",
	"c_cpp.command.resetDatabase.title": "Resetovat databázi IntelliSense",
	"c_cpp.command.takeSurvey.title": "Vyplnit průzkum",
	"c_cpp.command.buildAndDebugActiveFile.title": "Sestavit a ladit aktivní soubor",
	"c_cpp.command.logDiagnostics.title": "Protokolovat diagnostiku",
	"c_cpp.command.referencesViewGroupByType.title": "Seskupit podle typu odkazu",
	"c_cpp.command.referencesViewUngroupByType.title": "Oddělit podle typu odkazu",
	"c_cpp.command.rescanWorkspace.title": "Znovu prohledat pracovní prostor",
	"c_cpp.command.vcpkgClipboardInstallSuggested.title": "Zkopírovat příkaz pro instalaci vcpkg do schránky",
	"c_cpp.command.vcpkgOnlineHelpSuggested.title": "Navštívit stránku nápovědy k vcpkg",
	"c_cpp.configuration.clang_format_path.description": "Úplná cesta ke spustitelnému souboru clang-format",
	"c_cpp.configuration.clang_format_style.description": "Styl kódování, v současné době se podporuje: Visual Studio, LLVM, Google, Chromium, Mozilla, WebKit. Pokud chcete načíst styl ze souboru .clang-format v aktuálním nebo nadřazeném adresáři, použijte možnost soubor. Pokud chcete zadat konkrétní parametry, použijte {klíč: hodnota, ...}. Například styl Visual Studio je podobný tomuto: { BasedOnStyle: LLVM, UseTab: Never, IndentWidth: 4, TabWidth: 4, BreakBeforeBraces: Allman, AllowShortIfStatementsOnASingleLine: false, IndentCaseLabels: false, ColumnLimit: 0, AccessModifierOffset: -4 }",
	"c_cpp.configuration.clang_format_fallbackStyle.description": "Název předdefinovaného stylu, který se použije jako záloha v případě, že se vyvolá formát Clang se stylem file, ale nenajde se soubor .clang-format. Možné hodnoty jsou Visual Studio, LLVM, Google, Chromium, Mozilla, WebKit, none, případně můžete použít {klíč: hodnota, ...} a nastavit konkrétní parametry. Například styl Visual Studio je podobný tomuto: { BasedOnStyle: LLVM, UseTab: Never, IndentWidth: 4, TabWidth: 4, BreakBeforeBraces: Allman, AllowShortIfStatementsOnASingleLine: false, IndentCaseLabels: false, ColumnLimit: 0, AccessModifierOffset: -4 }",
	"c_cpp.configuration.clang_format_sortIncludes.description": "Pokud se nastaví, přepíše chování řazení vložených souborů určené parametrem SortIncludes.",
	"c_cpp.configuration.intelliSenseEngine.description": "Určuje poskytovatele IntelliSense. Tag Parser nabízí přibližné výsledky, které neberou v potaz kontext. Možnost Default nabízí výsledky, které kontext v potaz berou. Možnost Disabled vypne funkce služby jazyka C/C++.",
	"c_cpp.configuration.intelliSenseEngineFallback.description": "Určuje, jestli se modul IntelliSense automaticky přepne na analyzátor značek pro jednotky překladu, které obsahují chyby direktiv #include.",
	"c_cpp.configuration.autocomplete.description": "Určuje poskytovatele automatického dokončení. Možnost Default používá aktivní modul IntelliSense. Možnost Disabled používá dokončování podle slov, které nabízí Visual Studio Code.",
	"c_cpp.configuration.errorSquiggles.description": "Určuje, jestli se editoru budou hlásit podezření na chyby kompilace, které zjistí modul IntelliSense. Modul analyzátoru značek toto nastavení ignoruje.",
	"c_cpp.configuration.dimInactiveRegions.description": "Určuje, jestli se neaktivní bloky preprocesoru zabarví jinak než aktivní kód. Toto nastavení nemá žádný vliv, pokud se zakáže IntelliSense nebo pokud se použije výchozí motiv Vysoký kontrast.",
	"c_cpp.configuration.inactiveRegionOpacity.description": "Určuje neprůhlednost neaktivních bloků preprocesoru. Hodnoty spadají do rozsahu od 0,1 do 1,0. Toto nastavení platí jen v případě, že je povolené ztmavování neaktivních oblastí.",
	"c_cpp.configuration.inactiveRegionForegroundColor.description": "Určuje barvení písma neaktivních bloků preprocesoru. Vstup má tvar šestnáctkového kódu barvy nebo platné barvy motivu. Pokud se nenastaví, výchozí nastavení je schéma barvení syntaxe v editoru. Toto nastavení platí jen v případě, že je povolené ztmavování neaktivních oblastí.",
	"c_cpp.configuration.inactiveRegionBackgroundColor.description": "Určuje barvení pozadí neaktivních bloků preprocesoru. Vstup má tvar šestnáctkového kódu barvy nebo platné barvy motivu. Pokud se nenastaví, výchozí nastavení je průhledné pozadí. Toto nastavení platí jen v případě, že je povolené ztmavování neaktivních oblastí.",
	"c_cpp.configuration.formatting.description": "Možnost Default povolí formátování kódu. Možnost Disabled ho zakáže.",
	"c_cpp.configuration.loggingLevel.description": "Úroveň podrobností protokolování panelu výstupu. Pořadí úrovní od nejméně podrobné po nejpodrobnější je toto: Žádné < Chyby < Upozornění < Informace < Ladění.",
	"c_cpp.configuration.autoAddFileAssociations.description": "Určuje, jestli se soubory automaticky přidají do files.associations, když budou cílem operace navigace ze souboru C/C++.",
	"c_cpp.configuration.workspaceParsingPriority.description": "Určuje, jestli parsování neaktivních souborů pracovního prostoru použije operace čekání, aby se procesor nevyužíval na 100 %. Hodnoty highest/high/medium/low odpovídají přibližně 100/75/50/25 % využití procesoru.",
	"c_cpp.configuration.workspaceSymbols.description": "Symboly, které se mají zahrnout do výsledků dotazů, když se zavolá operace Přejít na symbol v pracovním prostoru",
	"c_cpp.configuration.exclusionPolicy.description": "Dává rozšíření pokyn, kdy se při určování, které soubory se mají přidat do databáze navigace v kódu při průchodu cestami v poli browse.path, má používat nastavení files.exclude. checkFolders znamená, že filtry vyloučení se budou vyhodnocovat pro každou složku jen jednou (nekontrolují se jednotlivé soubory). checkFilesAndFolders znamená, že filtry vyloučení se budou vyhodnocovat pro každý nalezený soubor a složku. Pokud vaše nastavení files.exclude obsahuje jen složky, checkFolders je nejlepší volbou, která zvýší rychlost, jakou rozšíření může inicializovat databázi navigace v kódu.",
	"c_cpp.configuration.preferredPathSeparator.description": "Znak, který se použije jako oddělovač cest pro výsledky automatického dokončení direktiv #include",
	"c_cpp.configuration.commentContinuationPatterns.items.anyof.string.description": "Vzor, který zahájí víceřádkový nebo jednořádkový blok komentáře. Výchozí vzor pro pokračování je pro víceřádkové bloky komentářů *, nebo tento řetězec pro jednořádkové bloky.",
	"c_cpp.configuration.commentContinuationPatterns.items.anyof.object.begin.description": "Vzor, který zahájí víceřádkový nebo jednořádkový blok komentáře",
	"c_cpp.configuration.commentContinuationPatterns.items.anyof.object.continue.description": "Text, který se vloží na další řádek, když se ve víceřádkovém nebo jednořádkovém bloku komentáře stiskne klávesa Enter.",
	"c_cpp.configuration.commentContinuationPatterns.description": "Definuje chování editoru, když se ve víceřádkovém nebo jednořádkovém bloku komentáře stiskne klávesa Enter.",
	"c_cpp.configuration.configurationWarnings.description": "Určuje, jestli se budou zobrazovat automaticky otevíraná oznámení, když rozšíření poskytovatele konfigurací nebude moct poskytnout konfiguraci pro určitý zdrojový soubor.",
	"c_cpp.configuration.intelliSenseCachePath.description": "Definuje cestu ke složce pro předkompilované hlavičky uložené do mezipaměti, které používá IntelliSense. Výchozí cesta k mezipaměti je %LocalAppData%/Microsoft/vscode-cpptools ve Windows, $XDG_CACHE_HOME/vscode-cpptools/ v Linuxu (případně ~/.cache/vscode-cpptools/, pokud se nedefinovalo XDG_CACHE_HOME) a ~/Library/Caches/vscode-cpptools/ na Macu. Výchozí cesta se použije, když se nezadá žádná cesta nebo když zadaná cesta nebude platná.",
	"c_cpp.configuration.intelliSenseCacheSize.description": "Maximální velikost místa na pevném disku pro předkompilované hlavičky uložené do mezipaměti na jeden pracovní prostor v megabajtech. Skutečné využití se může pohybovat kolem této hodnoty. Výchozí velikost je 5120 MB. Když se velikost nastaví na 0, ukládání předkompilovaných hlaviček do mezipaměti se zakáže.",
	"c_cpp.configuration.default.includePath.description": "Hodnota, která se použije v konfiguraci, pokud se nezadá includePath, nebo hodnoty, které se mají vložit, pokud se ve includePath nachází ${default}",
	"c_cpp.configuration.default.defines.description": "Hodnota, která se použije v konfiguraci, pokud se nezadá defines, nebo hodnoty, které se mají vložit, pokud se v defines nachází ${default}",
	"c_cpp.configuration.default.macFrameworkPath.description": "Hodnota, která se použije v konfiguraci, pokud se nezadá macFrameworkPath, nebo hodnoty, které se mají vložit, pokud se ve macFrameworkPath nachází ${default}",
	"c_cpp.configuration.default.windowsSdkVersion.description": "Verze cesty pro vložené soubory sady Windows SDK, která se má použít ve Windows, např. 10.0.17134.0",
	"c_cpp.configuration.default.compileCommands.description": "Hodnota, která se použije v konfiguraci, pokud se nezadá compileCommands nebo pokud se nastaví na ${default}",
	"c_cpp.configuration.default.forcedInclude.description": "Hodnota, která se použije v konfiguraci, pokud se nezadá forcedInclude, nebo hodnoty, které se mají vložit, pokud se ve forcedInclude nachází ${default}",
	"c_cpp.configuration.default.intelliSenseMode.description": "Hodnota, která se použije v konfiguraci, pokud se nezadá intelliSenseMode nebo pokud se nastaví na ${default}",
	"c_cpp.configuration.default.compilerPath.description": "Hodnota, která se použije v konfiguraci, pokud se nezadá compilerPath nebo pokud se nastaví na ${default}",
	"c_cpp.configuration.default.compilerArgs.description": "Hodnota, která se použije v konfiguraci, pokud se nezadá compilerArgs nebo pokud se nastaví na ${default}",
	"c_cpp.configuration.default.cStandard.description": "Hodnota, která se použije v konfiguraci, pokud se nezadá cStandard nebo pokud se nastaví na ${default}",
	"c_cpp.configuration.default.cppStandard.description": "Hodnota, která se použije v konfiguraci, pokud se nezadá cppStandard nebo pokud se nastaví na ${default}",
	"c_cpp.configuration.default.configurationProvider.description": "Hodnota, která se použije v konfiguraci, pokud se nezadá configurationProvider nebo pokud se nastaví na ${default}",
	"c_cpp.configuration.default.browse.path.description": "Hodnota, která se použije v konfiguraci, pokud se nezadá browse.path, nebo hodnoty, které se mají vložit, pokud se v browse.path nachází ${default}",
	"c_cpp.configuration.default.browse.databaseFilename.description": "Hodnota, která se použije v konfiguraci, pokud se nezadá browse.databaseFilename nebo pokud se nastaví na ${default}",
	"c_cpp.configuration.default.browse.limitSymbolsToIncludedHeaders.description": "Hodnota, která se použije v konfiguraci, pokud se nezadá browse.limitSymbolsToIncludedHeaders nebo pokud se nastaví na ${default}",
	"c_cpp.configuration.default.systemIncludePath.description": "Hodnota, která se použije pro systémovou cestu pro vložené soubory. Pokud se nastaví, přepíše systémovou cestu pro vložené soubory získanou z nastavení compilerPath a compileCommands.",
	"c_cpp.configuration.default.enableConfigurationSquiggles.description": "Určuje, jestli rozšíření ohlásí chyby zjištěné v souboru c_cpp_properties.json.",
	"c_cpp.configuration.updateChannel.description": "Pokud chcete automaticky stahovat a instalovat nejnovější sestavení rozšíření v programu Insider, která zahrnují připravované funkce a opravy chyb, nastavte možnost Účastníci programu Insider.",
	"c_cpp.configuration.experimentalFeatures.description": "Určuje, jestli je možné použít experimentální funkce.",
	"c_cpp.configuration.suggestSnippets.description": "Pokud se nastaví na true, jazykový server poskytne fragmenty kódu.",
	"c_cpp.configuration.enhancedColorization.description": "Pokud se tato možnost povolí, kód se bude barvit podle IntelliSense. Toto nastavení nemá žádný vliv, pokud se zakáže IntelliSense nebo pokud se použije výchozí motiv Vysoký kontrast.",
	"c_cpp.configuration.vcpkg.enabled.markdownDescription": "Povolte integrační služby pro [správce závislostí vcpkg](https://aka.ms/vcpkg/).",
	"c_cpp.configuration.renameRequiresIdentifier.description": "Když se tato hodnota nastaví na true, operace Přejmenovat symbol bude vyžadovat platný identifikátor C/C++.",
	"c_cpp.contributes.views.cppReferencesView.title": "C/C++: výsledky jiných odkazů",
	"c_cpp.contributes.viewsContainers.activitybar.CppRenameActivityBar.title": "Přejmenování C/C++",
	"c_cpp.contributes.views.cppRenamePendingView.title": "ČEKÁ NA PŘEJMENOVÁNÍ",
	"c_cpp.contributes.views.cppRenameCandidatesView.title": "KANDIDÁTI NA PŘEJMENOVÁNÍ",
	"c_cpp.command.CppRenameView.remove.title": "Odebrat odkaz",
	"c_cpp.command.CppRenameView.add.title": "Přidat odkaz",
	"c_cpp.command.CppRenameView.removeAll.title": "Odebrat všechny odkazy",
	"c_cpp.command.CppRenameView.addAll.title": "Přidat všechny odkazy",
	"c_cpp.command.CppRenameView.removeFile.title": "Odebrat odkazy v souboru",
	"c_cpp.command.CppRenameView.addFile.title": "Přidat odkazy v souboru",
	"c_cpp.command.CppRenameView.addReferenceType.title": "Přidat odkazy typu",
	"c_cpp.command.CppRenameView.cancel.title": "Zrušit přejmenování",
	"c_cpp.command.CppRenameView.done.title": "Potvrdit přejmenování",
	"c_cpp.debuggers.pipeTransport.description": "Pokud je k dispozici, předá ladicímu programu informaci, aby se připojil ke vzdálenému počítači pomocí dalšího spustitelného souboru jako kanál, který bude přenášet standardní vstup a výstup mezi nástrojem VS Code a spustitelným souborem back-endu ladicího programu s podporou MI (třeba gdb).",
	"c_cpp.debuggers.pipeTransport.default.pipeProgram": "zadejte plně kvalifikovanou cestu názvu programu kanálu, třeba /usr/bin/ssh",
	"c_cpp.debuggers.pipeTransport.default.debuggerPath": "Úplná cesta k ladicímu programu na cílovém počítači, například /usr/bin/gdb",
	"c_cpp.debuggers.pipeTransport.debuggerPath.description": "Úplná cesta k ladicímu programu na cílovém počítači, například /usr/bin/gdb",
	"c_cpp.debuggers.pipeTransport.pipeCwd.description": "Plně kvalifikovaná cesta k pracovnímu adresáři pro cílový program",
	"c_cpp.debuggers.pipeTransport.pipeProgram.description": "Plně kvalifikovaný příkaz kanálu, který se má provést",
	"c_cpp.debuggers.pipeTransport.pipeArgs.description": "Argumenty příkazového řádku, které se předávají do cílového programu, aby se nakonfigurovalo připojení",
	"c_cpp.debuggers.pipeTransport.pipeEnv.description": "Proměnné prostředí, které se předávají do cílového programu",
	"c_cpp.debuggers.logging.description": "Nepovinné příznaky, které určují, které typy zpráv se mají protokolovat do konzoly ladění",
	"c_cpp.debuggers.logging.exceptions.description": "Nepovinný příznak, který určuje, jestli se do konzoly ladění mají protokolovat zprávy výjimek. Výchozí hodnota je true.",
	"c_cpp.debuggers.logging.moduleLoad.description": "Nepovinný příznak, který určuje, jestli se do konzoly ladění mají protokolovat události načítání modulu. Výchozí hodnota je true.",
	"c_cpp.debuggers.logging.programOutput.description": "Nepovinný příznak, který určuje, jestli se do konzoly ladění má protokolovat výstup programu. Výchozí hodnota je true.",
	"c_cpp.debuggers.logging.engineLogging.description": "Nepovinný příznak, který určuje, jestli se do konzoly ladění mají protokolovat diagnostické zprávy ladicího stroje. Výchozí hodnota je false.",
	"c_cpp.debuggers.logging.trace.description": "Nepovinný příznak, který určuje, jestli se do konzoly ladění má protokolovat trasování příkazů diagnostického adaptéru. Výchozí hodnota je false.",
	"c_cpp.debuggers.logging.traceResponse.description": "Nepovinný příznak, který určuje, jestli se do konzoly ladění má protokolovat trasování příkazů a odpovědí diagnostického adaptéru. Výchozí hodnota je false.",
	"c_cpp.debuggers.text.description": "Příkaz ladicího programu, který se má provést",
	"c_cpp.debuggers.description.description": "Volitelný popis příkazu",
	"c_cpp.debuggers.ignoreFailures.description": "Pokud má hodnotu true, měla by se ignorovat selhání z daného příkazu. Výchozí hodnota je false.",
	"c_cpp.debuggers.program.description": "Úplná cesta ke spustitelnému souboru programu",
	"c_cpp.debuggers.args.description": "Argumenty příkazového řádku, které se předávají do programu",
	"c_cpp.debuggers.cppdbg.type.description": "Typ modulu. Musí to být cppdbg.",
	"c_cpp.debuggers.cppvsdbg.type.description": "Typ modulu. Musí to být cppvsdbg.",
	"c_cpp.debuggers.targetArchitecture.description": "Architektura laděného procesu. Pokud tento parametr není nastavený, automaticky se rozpozná. Povolené hodnoty jsou x86, arm, arm64, mips, x64, amd64, x86_64.",
	"c_cpp.debuggers.cwd.description": "Pracovní adresář cíle",
	"c_cpp.debuggers.setupCommands.description": "Jeden nebo více příkazů GDB/LLDB, které se mají provést, aby se nastavil odpovídající ladicí program. Příklad: \"setupCommands\": [ { \"text\": \"-enable-pretty-printing\", \"description\": \"Enable GDB pretty printing\", \"ignoreFailures\": true }]",
	"c_cpp.debuggers.customLaunchSetupCommands.description": "Pokud je k dispozici, nahradí výchozí příkazy, které se používají ke spuštění cíle, nějakými jinými příkazy. Může to být například \"-target-attach\", který slouží pro připojení k cílovému procesu. Prázdný seznam příkazů nenahrazuje příkazy spuštění ničím, což může být užitečné, když ladicí program poskytuje možnosti spuštění jako možnosti příkazového řádku. Příklad: \"customLaunchSetupCommands\": [ { \"text\": \"target-run\", \"description\": \"run target\", \"ignoreFailures\": false }]",
	"c_cpp.debuggers.launchCompleteCommand.description": "Příkaz, který se provede po úplném nastavení ladicího programu a způsobí spuštění cílového procesu. Povolené hodnoty jsou exec-run, exec-continue, None. Výchozí hodnota je exec-run.",
	"c_cpp.debuggers.cppdbg.visualizerFile.description": "Soubor .natvis, který se použije při ladění tohoto procesu. Tato možnost není kompatibilní s přehledným výpisem GDB. Pokud používáte toto nastavení, podívejte se i na showDisplayString.",
	"c_cpp.debuggers.cppvsdbg.visualizerFile.description": "Soubor .natvis, který se použije při ladění tohoto procesu.",
	"c_cpp.debuggers.showDisplayString.description": "Když se zadá visualizerFile, showDisplayString povolí zobrazovaný řetězec. Když se tato možnost zapne, může to způsobit nižší výkon při ladění.",
	"c_cpp.debuggers.environment.description": "Proměnné prostředí, které se mají přidat do prostředí pro program. Příklad: [ { \"name\": \"squid\", \"value\": \"clam\" } ]",
	"c_cpp.debuggers.envFile.description": "Absolutní cesta k souboru, který obsahuje definice proměnných prostředí. Tento soubor obsahuje na každém řádku pár klíč-hodnota rozdělený znakem rovnítka. Např. KLÍČ=HODNOTA.",
	"c_cpp.debuggers.additionalSOLibSearchPath.description": "Seznam středníkem oddělených adresářů, ve kterých se budou hledat soubory .so. Příklad: c:\\dir1;c:\\dir2",
	"c_cpp.debuggers.MIMode.description": "Určuje ladicí program konzoly, ke kterému se připojí MIDebugEngine. Povolené hodnoty jsou gdb a lldb.",
	"c_cpp.debuggers.miDebuggerPath.description": "Cesta k ladicímu programu MI (třeba gdb). Pokud se nezadá, vyhledá se pro ladicí program nejdříve cesta.",
	"c_cpp.debuggers.miDebuggerArgs.description": "Další argumenty pro ladicí program MI (třeba gdb)",
	"c_cpp.debuggers.miDebuggerServerAddress.description": "Síťová adresa MI Debugger Serveru, ke kterému se má připojit (příklad: localhost:1234)",
	"c_cpp.debuggers.stopAtEntry.description": "Nepovinný parametr. Když se nastaví na true, ladicí program by se měl zastavit u vstupního bodu cíle. Pokud se předá processId, nemá parametr žádný vliv.",
	"c_cpp.debuggers.debugServerPath.description": "Volitelná úplná cesta k ladicímu serveru, který se má spustit. Výchozí hodnota je null.",
	"c_cpp.debuggers.debugServerArgs.description": "Volitelné argumenty ladicího serveru. Výchozí hodnota je null.",
	"c_cpp.debuggers.serverStarted.description": "Volitelný vzorek spuštěný na serveru, který se má vyhledat ve výstupu ladicího serveru. Výchozí hodnota je null.",
	"c_cpp.debuggers.filterStdout.description": "Vyhledá ve vzorku spuštěném na serveru stream stdout a zaznamená stdout do výstupu ladění. Výchozí hodnota je true.",
	"c_cpp.debuggers.filterStderr.description": "Vyhledá ve vzorku spuštěném na serveru stream stderr a zaznamená stderr do výstupu ladění. Výchozí hodnota je false.",
	"c_cpp.debuggers.serverLaunchTimeout.description": "Volitelný čas (v milisekundách) čekání ladicího programu, než se spustí debugServer. Výchozí hodnota je 10000.",
	"c_cpp.debuggers.coreDumpPath.description": "Volitelná úplná cesta k základnímu souboru výpisu pro zadaný program. Výchozí hodnota je null.",
	"c_cpp.debuggers.cppdbg.externalConsole.description": "Pokud se nastaví na true, spustí se pro laděný proces konzola. Pokud se nastaví hodnota false, v Linuxu a ve Windows se zobrazí integrovaná konzola.",
	"c_cpp.debuggers.cppvsdbg.externalConsole.description": "Pokud se nastaví na true, spustí se pro laděný proces konzola. Pokud se nastaví hodnota false, konzola se nespustí.",
	"c_cpp.debuggers.avoidWindowsConsoleRedirection.description": "Pokud se nastaví na true, zakáže přesměrování konzoly laděného procesu, které se vyžaduje pro podporu integrovaného terminálu.",
	"c_cpp.debuggers.sourceFileMap.description": "Nepovinná mapování zdrojových souborů předaná ladicímu stroji. Příklad: { \"/original/source/path\":\"/current/source/path \"}",
	"c_cpp.debuggers.processId.anyOf.description": "Nepovinné ID procesu, ke kterému se má ladicí program připojit. Pokud chcete získat seznam místních spuštěných procesů, ke kterým se dá připojit, použijte ${command:pickProcess}. Poznámka: Některé platformy vyžadují pro připojení k procesu oprávnění správce.",
	"c_cpp.debuggers.symbolSearchPath.description": "Seznam středníkem oddělených adresářů, ve kterých se budou hledat soubory symbolů (tj. soubory pdb). Příklad: c:\\dir1;c:\\dir2",
	"c_cpp.debuggers.dumpPath.description": "Volitelná úplná cesta k souboru výpisu pro zadaný program. Příklad: c:\\temp\\app.dmp. Výchozí hodnota je null.",
	"c_cpp.debuggers.enableDebugHeap.description": "Když se nastaví na false, proces se spustí se zakázanou haldou ladění. Tato možnost nastaví proměnnou prostředí _NO_DEBUG_HEAP na 1.",
	"c_cpp.debuggers.symbolLoadInfo.description": "Explicitní řízení načítání symbolů",
	"c_cpp.debuggers.symbolLoadInfo.loadAll.description": "V případě hodnoty true se načtou symboly pro všechny knihovny (lib), jinak se nenačtou žádné symboly solib. Výchozí hodnota je true.",
	"c_cpp.debuggers.symbolLoadInfo.exceptionList.description": "Seznam názvů souborů (s povolenými zástupnými znaky) oddělených středníky (;). Upraví chování pro LoadAll. Hodnota true pro LoadAll znamená, že se nemají načítat symboly pro knihovny (lib), které odpovídají libovolnému názvu v seznamu. V opačném případě se mají načíst symboly pro všechny odpovídající knihovny. Příklad: foo.so;bar.so",
	"c_cpp.debuggers.requireExactSource.description": "Volitelný příznak, který vyžaduje, aby aktuální zdrojový kód odpovídal souboru pdb"
}